id,cuisine,review_count,rating,recommend
p1ohbPwI1QfjHQ2zRup5OA,italian,76,4.0,1
uXzHDmzG5mTcjP7IctinKQ,indian,76,4.0,1
ceK2VvPlxPBPo1evXOlD7g,indian,76,4.0,1
LnsAgGlvIPmc9eV_cMdU5w,mexican,76,4.0,1
98NaJ8FWzPuoymHfj6IIeA,chinese,76,3.5,1
1I3PnP5FSkur8AXp6izLOw,american,76,3.5,1
-7BCZH437U5FjmNJ26llkg,italian,77,4.5,1
jn7h4Uv-RKHflDHsAfqoDA,american,77,4.5,1
-7BCZH437U5FjmNJ26llkg,greek,77,4.5,1
ixGb4NLfgD90wZHlw94rLw,italian,77,4.0,1
OpCWTpPscK2WCAO_XlztUg,italian,77,4.0,1
U_yacPCk8HgE1ywATmQUrg,indian,77,4.0,1
aDWOXQVSvRPOpqcJ1ja0_Q,indian,77,4.0,1
ixGb4NLfgD90wZHlw94rLw,indian,77,4.0,1
gyPmHqIqC5-RAAy51oiafQ,american,77,4.0,1
aDWOXQVSvRPOpqcJ1ja0_Q,mexican,77,4.0,1
E76D-dlsLBzYloX6Ov96QA,spanish,77,4.0,1
EDU_Zwd7ed_OWxWrGHO9QQ,greek,77,4.0,1
aDWOXQVSvRPOpqcJ1ja0_Q,greek,77,4.0,1
E76D-dlsLBzYloX6Ov96QA,latin,77,4.0,1
8al-XRt5nuIize8_STWffQ,italian,77,3.5,1
CjfsFcNnV62PWWFq7-ZLgg,indian,77,3.5,1
BCknXEeT9vXQzKGHotsJKQ,american,77,3.5,1
ERnG-1q3igX3VSgm5uLZ6A,italian,78,4.0,1
djKTruHtS4n_vlfOknxjRw,italian,78,3.5,1
IGGDsLbFfqlqueE40hspdg,chinese,78,3.5,1
Oj4PqiXtPTd4kZdI5aG1uw,chinese,78,3.5,1
LAqGKns1zklhNF-tbbSCEQ,american,78,3.5,1
BLgwFGqvAIiG9J2ID47YyA,chinese,79,4.0,1
Ijh1AcbH-F3CyhYT_5qL8Q,indian,79,4.0,1
ASuPC0RuCgfGj7-9j_DNZg,american,79,4.0,1
AmSW0I3nxtQ4tdkhh0y7CA,greek,79,4.0,1
GSz_1XmiJjMroo0EocXXtw,greek,79,4.0,1
Ehln9m65hoi5ylWCH2osdQ,indian,79,3.5,1
YoEISHuKbCiq4HgykG9fIA,indian,79,3.5,1
3LsMfYF4cllUZbxve3scIA,mexican,79,3.5,1
QrO_VmwDfdO5NzfmBeNhQw,italian,80,4.0,1
wo6Z6VLOJejln04CsoX1WQ,italian,80,4.0,1
IithJLAUG3gWcHw9EKLLFA,chinese,80,4.0,1
YnHY2M-6Q5Lz_Loi8rZ2Ow,indian,80,4.0,1
FXHfcFVEfI1vVngW2gVOpw,indian,80,4.0,1
IithJLAUG3gWcHw9EKLLFA,indian,80,4.0,1
OmZ_Ub_0egPc6eDPD1OWSw,greek,80,4.0,1
Kxop0nGA-BUrwYD4EGhyPA,chinese,80,3.5,1
BSchC5THOB0MFmzJTEqAnQ,indian,80,3.5,1
IO0b0QQpI92At0g5BZUTlw,indian,80,3.5,1
bKUXKjUIY34BTowDBwFjbQ,american,80,3.5,1
QqesgEbz-B0mYEoEF6vBDg,mexican,80,3.5,1
xMhpJZaj4QT1Soh76-E2CA,indian,81,4.5,1
bebSq0oaQdgPX4tAPkgDlw,mexican,81,4.5,1
6Li3eGHOHaqfR9E8oaI1yg,chinese,81,4.0,1
HhuxirIJCNsDcIA27QXUVA,chinese,81,4.0,1
Q62lGVKqoKJ09lZNt2qpfw,chinese,81,4.0,1
sHnN3JliwVWvGX76Odmlbw,italian,81,3.5,1
cA9LmSotIsN3C8zCI94--A,italian,81,3.5,1
W8Rv62fsDCbDp0L-Vl1NFg,italian,81,3.5,1
y0cgy0tTh_C8NWCk0WGgjQ,american,81,3.5,1
WpK-mZ7w-304c78MOEYH6A,american,82,4.5,1
WpK-mZ7w-304c78MOEYH6A,mexican,82,4.5,1
WpK-mZ7w-304c78MOEYH6A,latin,82,4.5,1
02Ycww2etUAxorZb5gIM8Q,italian,82,4.0,1
NT_jvYrU2aCw5iymUbyBrA,italian,82,4.0,1
rsQAS-k7GldsJm7UAtVyYA,chinese,82,4.0,1
Nv2ILPkvHatA1Er5rqnZTg,greek,82,4.0,1
Yqu3km0WcFRdUdrKan-LZA,italian,82,3.5,1
6OhahrmtLGmkUdPfaMck0A,chinese,82,3.5,1
5OAO9TxfvsvccFFD4pjmeg,mexican,82,3.5,1
5OAO9TxfvsvccFFD4pjmeg,latin,82,3.5,1
TNRJvG_R1njEdid-UdCjBQ,indian,83,4.5,1
imDp2s4TANwV39FfYXTAEA,greek,83,4.5,1
3YKV1eralyrKQqoWOTJMDA,italian,83,4.0,1
T5Y4Mo5fgmU77KrbdRffcw,indian,83,4.0,1
Vu2C9npNSaHLYM7lvkKJJQ,american,83,3.5,1
qNCt4Dx3S0R-n3x39mxxLw,american,84,4.5,1
m_KxjrHzcVgYgtiPlmqFYA,greek,84,4.5,1
C4sVRSWeWuXo0OtnXewsjQ,italian,84,4.0,1
0cXP1HGWMtKoxcmUR4KSjg,chinese,84,4.0,1
VFn4bTxMi5NbpF87h-apUg,chinese,84,4.0,1
yU4zevCwPAQIMb73smTHog,indian,84,4.0,1
kGL6bJ4cZUKdiwyUmezgiw,greek,84,4.0,1
pwtTn72x7Nqp1imaXw9LvQ,italian,84,3.5,1
vExvdgUbU377-Fry2uuv_w,italian,84,3.5,1
Q_Iia5C2quTUVfE5_8jObw,chinese,84,3.5,1
XCUXCTHvY8QVR4xU0DF__w,chinese,84,3.5,1
vExvdgUbU377-Fry2uuv_w,american,84,3.5,1
v8Y1Cpdya8H_3noy2M-3Hw,american,84,3.5,1
hjDM6ylmxALkTdKMB-aybQ,greek,84,3.5,1
4h0JeXtiLaqqpB-9-V7few,chinese,85,4.0,1
uSsTuB82xu2kgSUeNNKQcg,indian,85,4.0,1
Zkn1y0l3eDjzIONKMNl-ew,american,85,4.0,1
afm4aqhxPYcTs2x_nMEG9w,indian,85,3.5,1
dm2qhNgxjKGE9GvcfSPD2Q,american,85,3.5,1
C_VoO9M9Kuhn6EObmpvWow,american,85,3.5,1
UJ6X84uqTpMDWyc9aHYMpA,american,85,3.5,1
NxpaDfYm8OB14Zw9QDFejA,spanish,85,3.5,1
qRTbYc7ennnwfr992kfjdA,italian,86,4.0,1
wuYKpHyjIfyvMR9YlwHn6Q,italian,86,4.0,1
qaMdtiyeRQdPulEWVjr30w,italian,86,4.0,1
4egAyQgylMPJgngmNGCloA,chinese,86,4.0,1
IUtjbbqQ6jUSi4t2jjgYRA,mexican,86,4.0,1
gtfLQysuCBEAQk3wwWxwTg,italian,86,3.5,1
dVkQImhIn-9BgYnm1yCUKA,american,86,3.5,1
yP71_LfUPnGIRqA2g09RoQ,chinese,87,4.5,1
yP71_LfUPnGIRqA2g09RoQ,american,87,4.5,1
a4MVM9E9022sYFrrYWy9DQ,italian,87,4.0,1
2SyYW8GiDZsqtPb-aCbosg,chinese,87,4.0,1
nIwtGMkMyx0elLxVFs1D6A,mexican,87,4.0,1
fobkeIEzbJtej-udG4UoRg,spanish,87,4.0,1
xsl-d_opm3AU5H2Z-im33g,greek,87,4.0,1
DYGCzsHi7pT4AAe8kh5Dug,mexican,87,3.5,1
QPVc_HQYcQicsowyeMPpkA,american,88,4.0,1
RHcfJ-l69RbBE4viU0-jwQ,italian,88,3.5,1
R__NLOqjUlw8qf12KD-I5A,chinese,88,3.5,1
8-4EI1VyBQsMEvScE4LEJw,indian,88,3.5,1
P8p9Ni-Kft1uh1c7Pmmw8g,indian,88,3.5,1
DKZN5IjHEE_BCDCRLxb7sQ,greek,89,4.0,1
Jn17OhYIWrSlXHI3bpZsLQ,greek,89,3.5,1
bNynUUb2uYtHGLSD7mS3Bw,chinese,90,4.0,1
bNynUUb2uYtHGLSD7mS3Bw,indian,90,4.0,1
5vgieFiCubi43G6ciiFhNQ,american,90,4.0,1
HOGdBz2w9VZbw2yyM-WA3g,american,90,4.0,1
-dOjdFq-kFhQTrG-yLYc_w,american,90,4.0,1
0mj6WOkZnwrdcWYlGVJC5w,american,90,4.0,1
0mj6WOkZnwrdcWYlGVJC5w,greek,90,4.0,1
BLDArCmdbbCnUcfLrxnrlQ,mexican,90,3.5,1
XmfiEDGV1V1mqeEP7SurTg,italian,91,4.0,1
S2eGygYWQB2yyb3-neKTlw,italian,91,3.5,1
bGuxRBRKv7i1BKKfGbjxEw,chinese,91,3.5,1
l8SNag-Ii0YUeSGHkA3Vhw,italian,92,4.0,1
JwHp9IMXe56eTc5pjofJgQ,italian,92,4.0,1
Q_BMz5zeWFWW-2OuJGZ1yg,chinese,92,4.0,1
JwHp9IMXe56eTc5pjofJgQ,american,92,4.0,1
7YM7fxwtWYiHGfcsz2Ei1g,italian,92,3.5,1
P7ZzfO3zOmF5y82RBiJHmg,chinese,92,3.5,1
P7ZzfO3zOmF5y82RBiJHmg,indian,92,3.5,1
7YM7fxwtWYiHGfcsz2Ei1g,american,92,3.5,1
oE1EuKY2GmpfIiSGy3YmGw,italian,93,4.0,1
U2fAN5cZTMKm9mvQns-VKw,chinese,93,4.0,1
TqMTY6xTHThm0C7J1pJ7Aw,american,93,4.0,1
Ado3kudEn4uApQBWFCqWLA,american,93,4.0,1
amsvLzfEvCzLwP0MnXAJ1w,italian,93,3.5,1
bK7dxnD1FYuV4mVVVCMeNA,chinese,93,3.5,1
F9h98ZFHLCHG7SdVbXMz0g,chinese,93,3.5,1
CobgKbm4uQrz5TINSFXQbQ,indian,93,3.5,1
wfnvI08SMHeIH6_lOeZ7xA,mexican,93,3.5,1
VFGptZijOhBaLoSPzw3guw,mexican,93,3.5,1
91sdZ0d-5RMXNcBYB3uU0g,italian,94,4.0,1
TBzgzTFSa7pJXiLD7emYaQ,chinese,94,4.0,1
u9_cHsWEKds73ZT8PZaf6g,chinese,94,4.0,1
TBzgzTFSa7pJXiLD7emYaQ,indian,94,4.0,1
URvh6DgFyA-d6Z7OVKxczg,mexican,94,4.0,1
C16ogi6ASv-sQW3SGScmNQ,italian,94,3.5,1
RXyM7VrCiEFthJxQ4bGmBg,italian,94,3.5,1
Kn57RIWAdnVfJHI1loLXOQ,chinese,94,3.5,1
C16ogi6ASv-sQW3SGScmNQ,american,94,3.5,1
826djy6K_9Fp0ptqJ2_Yag,mexican,94,3.5,1
jOqh0eVjqtUOpZ9AZgSazA,italian,95,4.5,1
IHt79wxZHkD7QSzlDRDivw,chinese,95,4.5,1
jOqh0eVjqtUOpZ9AZgSazA,american,95,4.5,1
uwT7CppiYkek-Z-661sndQ,italian,95,3.5,1
Lv9wzkvPrVG-VdPGcw53_A,chinese,95,3.5,1
uwT7CppiYkek-Z-661sndQ,american,95,3.5,1
oHgCHC8a3QNJiB4-Ld0_kg,italian,96,4.0,1
QhAmKLX_0AgQe5HLxode9Q,chinese,96,4.0,1
zHNk2BnANwkvHvaXD7yYsg,american,96,4.0,1
OJ6zfenoK-eBNI7vvNrOsg,italian,97,4.5,1
VSgrQWkpv15FJuqmNE3srg,american,97,4.0,1
2Y-28XrkMeeA4FFvv_73tw,greek,97,4.0,1
2Y-28XrkMeeA4FFvv_73tw,persian,97,4.0,1
aadG1TzULt-ezzUJZUSSJQ,italian,97,3.5,1
LYWMVX8lRMfIiUTm4jS-pw,italian,97,3.5,1
cWtUKKsnEYy1WeR1aEdyMA,mexican,97,3.5,1
_eEoZfkB7LAqoyDfLYQDow,greek,97,3.5,1
3quopZyL8WuqVFfsCi0z2A,indian,98,4.5,1
byVmQiGVTyLrG_74OFJ7eg,italian,98,4.0,1
X9ftU-exKhTMOjtr3B52rw,chinese,98,4.0,1
D9Uf7UmU2KlgS_H8lJwOrA,mexican,98,4.0,1
sr0rCMn-XtKATvl9adYQxA,chinese,98,3.5,1
9z1T2lgmirOxrTpFh9ellw,chinese,98,3.5,1
a3nywjjHRweFT-4rOap12g,indian,98,3.5,1
u71djaZjecGVU1MqMevQ4g,italian,99,4.0,1
dvbcUnKv2awsIxog7dO4vw,chinese,99,4.0,1
t5wRrTWlUNZkhrHGByqI-w,persian,99,4.0,1
8MXjK1lhVRhU3yGCUv9qsA,chinese,99,3.5,1
R4EhR8xhONLFqqI6ZnzNWw,chinese,99,3.5,1
9i7Gz3xaa-gwh1Fi3q1_kA,american,99,3.5,1
YvrylyuWgbP90RgMqZQVnQ,italian,100,4.0,1
OMhJbPB9LNAdQu1bwuiEIQ,american,100,4.0,1
C_g3n0TGN9IVtwED4WiavA,american,100,4.0,1
HP8mkVdLa9F4Amsp2thKhQ,mexican,100,4.0,1
9nMoCP27LfPGo2Yu-6z1bg,chinese,100,3.5,1
c4-w_6Xv4i2qRE3c4Qas7w,chinese,101,4.0,1
PxH02Eu2Z4MUycBLU80D8g,indian,101,3.5,1
dDTJv37DK257kf74ZPBcxg,american,101,3.5,1
vHzWmPWHN4J1hRR3W3AMQg,american,101,3.5,1
YgKpIffhBCpIJgMT6xg01w,american,101,3.5,1
dDTJv37DK257kf74ZPBcxg,mexican,101,3.5,1
vHzWmPWHN4J1hRR3W3AMQg,spanish,101,3.5,1
ukAUNyzUcBA4Su8UKjaJKg,italian,102,4.0,1
-CLTZ0cO-ooKDDmXHFoGMg,italian,102,4.0,1
3OknFx5ox_1O9nmP5DSFBA,indian,102,4.0,1
-CLTZ0cO-ooKDDmXHFoGMg,mexican,102,4.0,1
hPXGBV0HmLNvOOWNVPRvBw,american,102,3.5,1
epb_jKqFvo34MoozEM3Qsg,indian,103,4.0,1
JQ5If23aqFhV6uuMRwFlwA,indian,103,3.5,1
Sal1p68qpTKkyd4Si8OH6g,american,104,4.5,1
K3V9JWBZgIMtSICc4kBRUA,indian,104,4.0,1
_AVXgkX4DiNQAQj_3tNhFQ,italian,104,3.5,1
nOmR49imE4GtmwWVLkHS9A,mexican,104,3.5,1
nOmR49imE4GtmwWVLkHS9A,latin,104,3.5,1
o5t33JVLpZWf269AEPB95Q,chinese,105,4.0,1
abWt3B-dvJ1oVj83ebYoyg,indian,105,4.0,1
1K4qrnfyzKzGgJPBEcJaNQ,mexican,105,4.0,1
c1_adyjYG6JEa1PZAXMOBg,indian,105,3.5,1
7HUEqrj4aa_u3kl-o-e9_Q,mexican,105,3.5,1
yQS7bWaBhhGZJ1zeXku4yA,chinese,106,4.5,1
nBo99rJ9dG6-hiKdo7E7gw,greek,106,4.0,1
nBo99rJ9dG6-hiKdo7E7gw,persian,106,4.0,1
NUHNLaMg7aMesMdAiie73w,italian,106,3.5,1
nRo8ZR3UO1Kt6XwIMbMy1w,italian,106,3.5,1
WEw08dCcOiwH3Sw1f_8DKQ,chinese,106,3.5,1
6HzcFV_bcB3Vv-3eGDHf_A,chinese,106,3.5,1
xGXzIliuZ6FgMS870UjPRw,american,106,3.5,1
2rZy8hefL26IEpyA-sPQ-A,american,106,3.5,1
ZhACHVw9k438Z3i-Gw9BHA,chinese,107,4.5,1
OURoudNtFXyd7RTtl5ASKg,american,107,4.0,1
E-wETrdq1uImd6lX6x8Qxw,chinese,107,3.5,1
hTdJAjSZtHWwqqh5cCeAfA,american,107,3.5,1
f0-KEhvOZeRx-Zfo6GoA_A,greek,108,4.0,1
y166Ve7c7y2EnnePytr71Q,chinese,108,3.5,1
Vp27tfpa318kEz_PwglbMA,chinese,108,3.5,1
D4ETxxeNQEnSw_e1H46DXQ,chinese,108,3.5,1
iT053N_wdX7Ryr5lLCtLfg,chinese,108,3.5,1
o19vbA9-BuvHXrE4nYJ60A,american,108,3.5,1
4BBda3yy_8GXGmYLcgggHw,italian,109,4.0,1
Wb5BMB27novQxW4x5rTUEQ,chinese,109,3.5,1
vZyF3o30_m_-Pp5u0DkLoQ,american,109,3.5,1
AM0NHSxMeX92OKBt0ywmSA,mexican,109,3.5,1
vnKHXrw585IOH4F3m29yFQ,mexican,109,3.5,1
U3xIe5_9iK95S9HxduOgWw,italian,111,4.0,1
_crbEZ55ve6OFkoWa09R9A,italian,111,4.0,1
_crbEZ55ve6OFkoWa09R9A,american,111,4.0,1
7xHhVn27WxjdPNsfLYQz5w,greek,111,4.0,1
q3uuXi_U-Jqxsk5Nx1Iomw,italian,111,3.5,1
J_btDyZbIv0hZNjrw56zlA,chinese,111,3.5,1
OFAiA6En2HD0CqLkFDCNpg,indian,111,3.5,1
McaRYgVwOCmtWkKxNsXlZg,american,111,3.5,1
McaRYgVwOCmtWkKxNsXlZg,greek,111,3.5,1
esnvHQxunLTAckQpntqbCg,italian,112,4.0,1
K6MBwTYeuLH0VsTVCLVgxg,mexican,112,4.0,1
K6MBwTYeuLH0VsTVCLVgxg,spanish,112,4.0,1
K6MBwTYeuLH0VsTVCLVgxg,latin,112,4.0,1
n9BrA1zIwlbiP1hLAc24jg,italian,112,3.5,1
PAJlmByrU8zAB3WsXxA30Q,chinese,112,3.5,1
qQsrcouREdFUk4adim1uEA,italian,113,4.5,1
siaRCT2-PkyeXUVKrywcTg,chinese,113,4.0,1
s9JXZQq3E5Ol0Dk4zoU6CA,italian,113,3.5,1
Jcyu0ml7rxizEA8giSH-8A,indian,113,3.5,1
WRj8rLeJpU49wqU9EmZLEg,american,113,3.5,1
P6paPwtYXcwn4vbSXViIaQ,greek,113,3.5,1
P6paPwtYXcwn4vbSXViIaQ,persian,113,3.5,1
Ae4ABFarGMaI5lk1i98A0w,indian,114,4.5,1
3XVAfJQdX327pqNZg5KV5g,chinese,114,4.0,1
gtcsOodbmk4E0TulYHnlHA,american,114,4.0,1
37kk0IW6jL7ZlxZF6k2QBg,spanish,114,4.0,1
mw2TffuWp9kEDd4EPPZ4aw,italian,114,3.5,1
8td1xV3B0hJc3wYpGmjtRQ,indian,114,3.5,1
4KPp6fLU8WJHJ63bxSb3Ww,american,114,3.5,1
MLQeuiL9rqOq_rDKGEcU0A,italian,115,3.5,1
OSF8Iy5Xq-hAN4-zhDVS4w,italian,115,3.5,1
88RkIuXwJeDzfzSu9xsyzw,chinese,115,3.5,1
3tiEjjBtdfV5_npPNzs0Cg,american,115,3.5,1
WTi4ZE99EGuoI3P27vpH8g,american,115,3.5,1
jo4KmAqlZ7vxjHIP7IIkAw,mexican,115,3.5,1
OSF8Iy5Xq-hAN4-zhDVS4w,greek,115,3.5,1
8FqfLM0Kv3Grr9l8bOAlCA,greek,116,4.5,1
9LE2yGl23qxitNc9mkpbjA,italian,116,4.0,1
_Ss4d4dYzehTmWJGpkqL7w,chinese,116,3.5,1
wVc3g-YfyDvkOLDecpr4DA,italian,117,4.0,1
JJ8ypBu3b--fy4HA5RB1gg,american,117,4.0,1
bDgmLfAh_TWRCHEYC8hbpQ,american,117,4.0,1
UpbTdzW9OoVrnbpHyxnMWg,chinese,117,3.5,1
JB8-8TtNYX-vLqN7cz-zHA,american,118,5.0,1
IhM1UBvAMM5Fia4f_v1wdQ,mexican,118,4.5,1
mQuDZwxxPe54MY4TT8lEPQ,american,118,4.0,1
U_jPOTd-Z5KATbTYnDeNxg,mexican,118,4.0,1
bSLIrhdxrxuz3p_nz1iLpg,american,118,3.5,1
qbQ1qZx6eTy7pOOXMBfQNQ,american,118,3.5,1
qbQ1qZx6eTy7pOOXMBfQNQ,mexican,118,3.5,1
bSLIrhdxrxuz3p_nz1iLpg,mexican,118,3.5,1
tE88d-oHmNngAZNdD9EHjg,american,119,4.5,1
NtII1vBcP1CiAs54kY1JQw,italian,119,4.0,1
ydM0qCPG1cTZvAguCi2ucA,american,119,4.0,1
ydM0qCPG1cTZvAguCi2ucA,mexican,119,4.0,1
ydM0qCPG1cTZvAguCi2ucA,spanish,119,4.0,1
O0XcTrBa8dR_kjoi4P8hww,greek,119,4.0,1
x3JHj5h33ouzw_Ynj-utJg,chinese,119,3.5,1
Z4MvEVylnZPW_vddQc2Ihg,chinese,119,3.5,1
0mGYvAFGxH9bGRqYHxS0BQ,chinese,119,3.5,1
V1FSee0pZ-yReDQ28SAO3g,american,120,4.5,1
OsB_ZtFAaLDCPzvlAjHQ-w,indian,120,3.5,1
-0NrB58jqKqJfuUCDupcsw,american,120,3.5,1
C9QVknXuoDBdR9CBa_Flyw,indian,121,4.0,1
Gl6xFX8vM5dqknF9azPCMQ,american,121,4.0,1
AprsB5kibAxqt77MeCPy6g,indian,122,4.5,1
Pz13Ru_-U4qoZiu89ezVmQ,indian,122,4.0,1
vMpJzMFst_9GP4boeqWIRg,chinese,122,3.5,1
pIB-Js9drl27qrrSjKK_eA,chinese,122,3.5,1
SSCgpKNpco3l-YZ2MC-lMw,american,123,4.0,1
XvUu2SolFWL94EPEBrjEYQ,american,123,3.5,1
6ALBeke4yZcCorqLMvpFoA,american,124,3.5,1
6ALBeke4yZcCorqLMvpFoA,mexican,124,3.5,1
E7Heu5iT3D1WsfxlFROgEA,chinese,125,3.5,1
kwRWzhS3UoIIeoi7ghK6uw,american,125,3.5,1
l2WFLLHJnO0cCheozTaRXQ,greek,125,3.5,1
XqPMOwrJ0xjphyNQYcoPLg,chinese,126,4.5,1
1DtyA7pnc66hTkv64lKlzw,greek,126,4.5,1
1DtyA7pnc66hTkv64lKlzw,persian,126,4.5,1
PD3ganU8NAGkqkcIXYPSxQ,chinese,126,4.0,1
cwp48KVpq0e0NfvrG2qPsA,chinese,127,4.0,1
rsjrcxOIJm9VdkSNpkXZ9Q,italian,127,3.5,1
bRmb81XDG3E2SOHARBLTog,italian,127,3.5,1
klu0zF1rWAoNAhKPsFyUog,american,127,3.5,1
bRmb81XDG3E2SOHARBLTog,mexican,127,3.5,1
rfgln6-7WFCu7S7fOoqMdA,indian,128,4.5,1
iAxsnFs3qq0Qx1EJ1S9SoQ,american,128,4.0,1
pTbkdBDDKxNVjKUZ_6RAug,greek,128,4.0,1
C6uJ3mbYCuQyy9PK2rBcKw,american,128,3.5,1
ZspGe6tJ3d2Y4rxwAG8h-Q,american,129,4.0,1
aPwWn5KBNMOEYjlYwXRORw,mexican,129,3.5,1
grzKamxEuXTZrTkiztLQGg,indian,130,4.0,1
V9DPZmn2irq3hC-X4vxaBg,italian,130,3.5,1
QoXT0qI6_3WeHImUuLAyjg,american,130,3.5,1
7PK9PIdWdPtAp0gB31hO7Q,american,130,3.5,1
V9DPZmn2irq3hC-X4vxaBg,american,130,3.5,1
QoXT0qI6_3WeHImUuLAyjg,mexican,130,3.5,1
J9vAdD2dCpFuGsxPIn184w,american,131,4.5,1
uG0yvj2JWfCf0eaIgxcwXQ,american,131,4.0,1
9xdVIIzHp12Zrox5aFaaHA,italian,132,4.0,1
dy0O7DaSUd49NZWSEtvz_g,chinese,132,4.0,1
Kal1hFMTEzdXYpa5MNzUPw,american,132,4.0,1
jMSRYnx6X5BO2RtWG44aGA,american,132,4.0,1
Kal1hFMTEzdXYpa5MNzUPw,mexican,132,4.0,1
dy0O7DaSUd49NZWSEtvz_g,spanish,132,4.0,1
UH6mET5JYZR6yPDVpTG9Og,italian,132,3.5,1
UH6mET5JYZR6yPDVpTG9Og,american,132,3.5,1
G12kABl0tfK4ylgj8XF06w,italian,133,4.0,1
72_6srKAdZPSHCGNwK2Hfg,italian,133,3.5,1
C3rH8u6P3wFH95AH8SeNmw,american,133,3.5,1
C3rH8u6P3wFH95AH8SeNmw,spanish,133,3.5,1
-PL-4fFYPYrOjnNd0lO4Lg,italian,134,4.0,1
Iadni8K9IgCJe2yB3fpgTw,indian,134,4.0,1
-PL-4fFYPYrOjnNd0lO4Lg,american,134,4.0,1
-PL-4fFYPYrOjnNd0lO4Lg,mexican,134,4.0,1
WEwf_IKutaFK2t-cdMhEWg,chinese,135,4.0,1
hqi9zoHMqpSLy628aHGVOQ,mexican,135,4.0,1
hqi9zoHMqpSLy628aHGVOQ,spanish,135,4.0,1
hqi9zoHMqpSLy628aHGVOQ,latin,135,4.0,1
CNPnbJlMmCx08geOvDmH7A,italian,136,4.0,1
WVAvGK24DQ9FdsEHBqIygQ,mexican,136,4.0,1
KDiVhKB9UneT548hThK8hw,american,136,3.5,1
KDiVhKB9UneT548hThK8hw,mexican,136,3.5,1
VvSmE1NnTjnaTPHT0WrCaQ,chinese,137,4.0,1
VvSmE1NnTjnaTPHT0WrCaQ,indian,137,4.0,1
M3VcPBiMvhsEJSGUHvXu2w,greek,137,4.0,1
NOHh2pgOTUBqp82IQlRQMQ,mexican,137,3.5,1
FfJD4vO-iYUL2Kr0WWzNYg,italian,138,4.5,1
FfJD4vO-iYUL2Kr0WWzNYg,american,138,4.5,1
sKrt4CMGyG8YAjxVkk4hPQ,italian,138,4.0,1
0PM5oFKO29sZmL5efmHxug,chinese,138,3.5,1
PPCEx65Lm121Hw5yQhM_Zw,american,138,3.5,1
wMr1NZCfOp8rgDe6gUHoQg,mexican,138,3.5,1
q7MorRPzU_J-iekeDKUKgw,mexican,139,4.0,1
q7MorRPzU_J-iekeDKUKgw,spanish,139,4.0,1
84RdNjDKXKzqZlSlT6G6PA,american,139,3.5,1
nZ4HW543eDyqqE62QYnChg,american,139,3.5,1
mdoALqA201oRodl-lN_czg,indian,140,4.0,1
4eqHtgdXEPG6V-Jzy0MhKw,chinese,140,3.5,1
4eqHtgdXEPG6V-Jzy0MhKw,american,140,3.5,1
arpBUwgiaE8iqfNGMQ_hgg,mexican,140,3.5,1
yS7331JlJdKlk9VNaSt64w,spanish,140,3.5,1
yS7331JlJdKlk9VNaSt64w,latin,140,3.5,1
bo4loBeLwkQqZ7HGrgxXRQ,italian,141,4.0,1
IxDYVpjEeCxZ8HsZnthvdw,chinese,141,3.5,1
CM7IDKFxV6p5FdptjXsr8A,american,141,3.5,1
y0QzKWNVoXCbZpk6uhEgGA,italian,144,3.5,1
0cpLF0LFQHHRFNlL0iy_Aw,american,145,4.0,1
tb7LN9t_SaI_6wGu1dHR2g,american,145,4.0,1
qUWqjjjfpB2-4P3He5rsKw,italian,146,4.0,1
-7EwIdxcRC5McO35DVfeSQ,chinese,146,4.0,1
6eRSdODyj9GS0w6zlhrWkg,spanish,146,4.0,1
ehUN_XAWr1ePov0jtgv0Lw,italian,146,3.5,1
kDFeGBX1vWiDyJXMYRL0_A,italian,146,3.5,1
Q4VYrJr_UPixyLXSnA4O2g,chinese,146,3.5,1
Q4VYrJr_UPixyLXSnA4O2g,indian,146,3.5,1
kDFeGBX1vWiDyJXMYRL0_A,american,146,3.5,1
lIEahf71RLPJ_rFBJ5fqzQ,chinese,147,4.5,1
TpwCjlKsdYjLsvlYhKGt4g,american,147,4.5,1
aIBvcOjkAURJJ-UH0G-s0g,italian,147,4.0,1
ajHLLUe-A9dTd7WyU12XZQ,indian,147,4.0,1
SOkat3uLjX__3-tCowhlHg,american,147,4.0,1
VBcmyBxAPcpzbbnPbFfttA,italian,147,3.5,1
YAdyu9ovEiOZXBWkD0H8-Q,indian,147,3.5,1
sQFpfRs1Flcw3evCdI2wpA,chinese,148,3.5,1
k6HyRYm0c8-ILb7ZN2B9Ew,chinese,148,3.5,1
bDAkngRX4-ci1sAJfMWDbw,american,148,3.5,1
GdCRQU3VCh_x8fY84mbwYQ,indian,149,4.0,1
x8UvTkKx9WApRsMxQ3ZPtQ,italian,149,3.5,1
x8UvTkKx9WApRsMxQ3ZPtQ,american,149,3.5,1
-PKUAor_Nz_IaNjP_jIwyA,mexican,149,3.5,1
x8UvTkKx9WApRsMxQ3ZPtQ,mexican,149,3.5,1
Q4RSmF0s-AkaegrLFCLEbg,italian,150,4.0,1
ryEwIARbKHvb0lCkAam8dQ,italian,150,3.5,1
7ppWunvrIURnEZi5nUB_7g,american,150,3.5,1
JrB6On8q8f1_ICQSCLg47w,american,150,3.5,1
ZuA9e5nSrCj2R97x2K2yOQ,american,150,3.5,1
_SuPPi-txNSwbWlu8IQkuQ,american,150,3.5,1
7ppWunvrIURnEZi5nUB_7g,mexican,150,3.5,1
ZuA9e5nSrCj2R97x2K2yOQ,mexican,150,3.5,1
7ppWunvrIURnEZi5nUB_7g,spanish,150,3.5,1
7ppWunvrIURnEZi5nUB_7g,latin,150,3.5,1
tuTAKHUm7ErDRZ2Yll8LzQ,american,151,4.5,1
tuTAKHUm7ErDRZ2Yll8LzQ,mexican,151,4.5,1
tuTAKHUm7ErDRZ2Yll8LzQ,latin,151,4.5,1
bDut3KRQJ0qLElfaJNQFgg,italian,151,4.0,1
dulgBrNtDCGjYcbQa2E6uA,italian,151,4.0,1
dulgBrNtDCGjYcbQa2E6uA,american,151,4.0,1
G8qvbhfbCyMAeZzYrbmZxA,mexican,151,4.0,1
G8qvbhfbCyMAeZzYrbmZxA,spanish,151,4.0,1
ujPuhQdg8-GCJQg6BoRJtA,american,152,3.5,1
xVHzCbDWCwmyavF5PgJRmg,chinese,153,3.5,1
FCMRBcvrwN01eT6WRaTC6A,american,153,3.5,1
P87jyPn6MkeO-zo3EZWL8A,italian,154,4.0,1
P87jyPn6MkeO-zo3EZWL8A,american,154,4.0,1
ByrCDfyklGGk0D9O9P2Rog,italian,155,3.5,1
M_fzy4_KslKoXeyZ022Z8g,chinese,155,3.5,1
BHX0ghpo_r4lVxGRPEBIQw,chinese,155,3.5,1
ByrCDfyklGGk0D9O9P2Rog,american,155,3.5,1
ByrCDfyklGGk0D9O9P2Rog,mexican,155,3.5,1
KcIalceIg6PSPONvLlI4-w,italian,156,4.0,1
olllmpQVBHwOQmarQro2fw,mexican,156,4.0,1
FJMMPL3pxAPYGEPB0Hwlhw,italian,157,4.0,1
FJMMPL3pxAPYGEPB0Hwlhw,american,157,4.0,1
C3PVq7UpeHd6nz1_e-AtkA,italian,157,3.5,1
C3PVq7UpeHd6nz1_e-AtkA,american,157,3.5,1
SZuroTnXB7FwOlHp8Jahyg,indian,158,4.5,1
McVmSLVRJBDWIuQO7D6GJg,chinese,158,4.0,1
3-A-wVAkoyz39nSHaExpLw,american,158,4.0,1
1QwX7Cgkm6KnlcGNDTh6EQ,american,158,3.5,1
Y0NkII8gne1QEJbUCBi2tg,american,158,3.5,1
YHubCF0Ua0uC6HC2tm-arQ,italian,159,4.0,1
YHubCF0Ua0uC6HC2tm-arQ,american,159,4.0,1
rl137V_5Hx0cJAV4beVdhA,mexican,160,4.0,1
Qqm3yVcqTbC1IOKu0TG2nQ,italian,160,3.5,1
2UFl9gLOQrSGY2sPu6U-kA,chinese,160,3.5,1
rvHGv9Q7r5QkIYrCZlfoAQ,indian,161,4.0,1
3cAy1gxlprn1ue0q3L_ziw,chinese,162,3.5,1
NoT7u2QNEvsVbH9MIzAzlw,chinese,163,4.0,1
NoT7u2QNEvsVbH9MIzAzlw,mexican,163,4.0,1
iGqGde420TlBrKcU43TEog,greek,163,3.5,1
zb61eT_ChYctlCXcIqlW6Q,greek,165,4.0,1
4-FgbYd8jUSqevNRxRtS-w,indian,166,4.0,1
4-FgbYd8jUSqevNRxRtS-w,mexican,166,4.0,1
xrA53WYhRCml2bMfpQ_Hig,italian,166,3.5,1
iNhP0ejUf2jVzaR5YCOoEQ,italian,167,3.5,1
bNQVXqWpsToBDcJg_4aWYA,chinese,168,3.5,1
OXW2erFOPT-Oov6wChxWYA,chinese,169,4.0,1
pgomg_u3H2RtEVUYUcngXQ,mexican,169,4.0,1
bQm046mj02fKlNMvoS2SBg,greek,169,4.0,1
v_XG6rpmOIqxMYyTfNKjaQ,greek,169,4.0,1
Mrqk1ydkvgKtlxrExCv6gQ,italian,169,3.5,1
Mrqk1ydkvgKtlxrExCv6gQ,american,169,3.5,1
k3fn9JFiNLNy2q5p0cE1kg,italian,170,4.0,1
Nz44ccUso3nq5S2OlQHNlA,mexican,170,4.0,1
zEwQJl9haP5BYIl0peOpGA,italian,171,4.5,1
zEwQJl9haP5BYIl0peOpGA,american,171,4.5,1
pvCcrHFAGCml492qoQBsQg,italian,171,4.0,1
m2hz26KM3kLN_AS5CcEjPg,italian,172,4.0,1
7gnYWanhD6O7qOF-NfPNhA,american,172,4.0,1
UpzKtM6NaCa6arJksV5oeA,american,172,4.0,1
m2hz26KM3kLN_AS5CcEjPg,mexican,172,4.0,1
a-Mo7Ipu_c5y21mmg0-F7g,italian,173,4.5,1
_kXHHT8RMqx9Ro8gWXE9kA,american,173,4.0,1
sYSlKRCWmVeQr1hA6-WUzw,indian,173,3.5,1
hcHaWzM5wfdAbCWs4zmmqg,italian,174,4.0,1
Ymy91k8r312xvxzC42b5IQ,american,174,4.0,1
An-JJle53UMHokU4MwFktg,chinese,174,3.5,1
StjUke9uj6T6qB4hpyzMMA,indian,174,3.5,1
StjUke9uj6T6qB4hpyzMMA,american,174,3.5,1
-TjzQsimpriXVYaH3HdtQA,american,175,4.0,1
9Oc8UhYNarSisYM9SEBsKQ,american,175,4.0,1
-TjzQsimpriXVYaH3HdtQA,mexican,175,4.0,1
onCx6Ye5IwD07emyj-VLrg,mexican,175,3.5,1
YtfQQHdcQ_bGl2V0Agxw1A,indian,176,4.0,1
7UBOtHkr8dd1glP634Kkjw,italian,176,3.5,1
prlIJsg3UEg3DioOZPFhig,american,176,3.5,1
a9aW5e731lplWGHUZ02-zQ,mexican,178,4.0,1
cepfJZIv0iLj1fDs8LdYZg,italian,179,3.5,1
g1UVmCOhQDY7TGSZ2rRT_w,chinese,179,3.5,1
7qHU_Zh5qEJP3DaaBHqWBg,indian,180,4.5,1
R3iom4lNTG-9A6qczf6V8w,italian,180,3.5,1
R3iom4lNTG-9A6qczf6V8w,american,180,3.5,1
R3iom4lNTG-9A6qczf6V8w,mexican,180,3.5,1
UkoseRjoLT4K2bEzvmyhYA,american,181,4.0,1
UkoseRjoLT4K2bEzvmyhYA,mexican,181,4.0,1
oc8204pyvf9ixdA4JzzaLA,mexican,182,4.0,1
kuJRRmmmDUXqwM6kNihXXA,italian,182,3.5,1
7gTsWzLnmEQBesGRtI9yew,american,182,3.5,1
kuJRRmmmDUXqwM6kNihXXA,american,182,3.5,1
7gTsWzLnmEQBesGRtI9yew,mexican,182,3.5,1
kuJRRmmmDUXqwM6kNihXXA,mexican,182,3.5,1
VhQXJteVrG3L-wq8HlYFqw,american,183,4.0,1
VhQXJteVrG3L-wq8HlYFqw,mexican,183,4.0,1
49fcUkW5tOHlqBakrWTMzQ,italian,183,3.5,1
d8Kz48UDfZ0MPuQpGy2r0Q,american,183,3.5,1
d8Kz48UDfZ0MPuQpGy2r0Q,mexican,183,3.5,1
ufwkkMd9yr9cFU1R5ONArg,mexican,185,4.5,1
6BC87j5FxoIwa-atC77WYQ,persian,185,4.0,1
mXsumyOgPP-cRQuFQmRivg,spanish,185,3.5,1
GQSmxqRi_s9U9qd5gHLKAw,italian,186,4.0,1
GQSmxqRi_s9U9qd5gHLKAw,american,186,4.0,1
x6fYvse8sBOZf9y8BOZZmA,greek,186,4.0,1
zrYpLdnGKA_EmOhgRCy_vg,greek,186,4.0,1
zrYpLdnGKA_EmOhgRCy_vg,persian,186,4.0,1
AQJPI5rnkb7pBnBMWtSjvw,american,187,4.0,1
n2NRR4N-kmeDvhHJivHGkA,chinese,189,4.0,1
jVefoZbu5VF80CCB1Q2MaA,italian,189,3.5,1
jVefoZbu5VF80CCB1Q2MaA,american,189,3.5,1
jVefoZbu5VF80CCB1Q2MaA,mexican,189,3.5,1
js9rQZAlA5rr7oSBRRcCDw,italian,190,3.5,1
2YsKefH250qxg28QCyEWZw,indian,190,3.5,1
3qTSOuJ-ZyU1L7o62KHSIg,italian,191,4.0,1
3qTSOuJ-ZyU1L7o62KHSIg,american,191,4.0,1
3qTSOuJ-ZyU1L7o62KHSIg,spanish,191,4.0,1
D1lAVtlav4atQTJnIvtcpw,italian,191,3.5,1
5m2JukTajxMk-qS5W4s-FA,chinese,191,3.5,1
DQRhUU56vjhAJW0ZF1LLcg,american,191,3.5,1
z8H4Mdzl4jS9pYswj6Jf9w,italian,192,3.5,1
A-KVm7iKLOe1X1yAQP13FA,indian,192,3.5,1
XZxJ4fG-4a3PP9VP5jvDWw,indian,193,4.0,1
nrq5H3LZicjMG0wv7gy08g,american,193,4.0,1
xy1McNUocWlt-8DZ7Ifg9A,italian,193,3.5,1
xy1McNUocWlt-8DZ7Ifg9A,american,193,3.5,1
WmuoWetYC-4U2-V4taC6Wg,chinese,194,3.5,1
JmZj7wzAJ7_4ksjG9WXdqw,american,194,3.5,1
JmZj7wzAJ7_4ksjG9WXdqw,mexican,194,3.5,1
e1W5fwngUYf3kdsgxo4spg,chinese,195,4.0,1
PXN0l42g6IWp18NGJ7yn5w,italian,195,3.5,1
2xw-Ksu9b2jDYlZaApXcBA,indian,196,4.0,1
Jm_bARKbaZyzoxatBrmZPQ,american,196,4.0,1
oRgoOhwCex1X9j1iQ9ou3w,chinese,196,3.5,1
FPXUmpgM8cdC73ESph7bMQ,mexican,0,0.0,0
AyuE2AyyKSZj97SNLAHM9w,italian,16,1.0,0
xOUd1W3MmyHXnbr3DxDwqg,chinese,10,1.0,0
fh7YYXev-keRlts1ISbDNg,american,6,1.0,0
H0f7DAWYWia929TO0spgmw,indian,5,1.0,0
bkjKPjhrMbTLQwRSO5sV9Q,italian,4,1.0,0
u7bjH0lJcE7Q4BFlKTPJcg,american,4,1.0,0
CMgzkgypHl7caWa784EAVA,italian,3,1.0,0
rqnEiWsC-8pIJFk7S2RwaA,italian,3,1.0,0
ECP8GAL1ZCYebyitB7F9IA,italian,3,1.0,0
aMuASmmI-Nhd6Z-KGgbCtA,italian,3,1.0,0
uAfyXrbxJ2Z6J8TdS8f-oA,italian,3,1.0,0
nzUv52JpOQz98Fk9GB4AKA,italian,3,1.0,0
pFiHYTqH5t9cWqYN-NbQ-w,chinese,3,1.0,0
br4SgqWWfJBFBTU3kWrH8g,indian,3,1.0,0
7BYxi0QH37GDOt6-y_WNGA,american,3,1.0,0
xcbAqgkri_JKnUXehDEsVA,italian,2,1.0,0
YlJfBG9_UKWdhOalVT69fQ,italian,2,1.0,0
E4s943vdTbuTG2OAAtygoA,italian,2,1.0,0
ZNs6XWeqG1Plf-Al8Io76g,italian,2,1.0,0
f7lTwbcOqGqNrCO1EwdESA,italian,2,1.0,0
69UdDL_k-__fjBYP7gKYgQ,chinese,2,1.0,0
lm7a2pdSFH-3PLAiTmQNlw,american,2,1.0,0
xPhJ6aYw-fdoSp7sZZqeHw,american,2,1.0,0
3pGSbXRTgCMJaHbYzh8EkQ,mexican,2,1.0,0
Zivva_Z5ZNEZINf8_O3aMg,mexican,2,1.0,0
EXRd_wSjZx9UM2Z0PArnOg,latin,2,1.0,0
tz2GrXmqIFrLinyPWmzhUw,italian,1,1.0,0
TWdc-QQ5jQ29zPKBBxsj4g,italian,1,1.0,0
6s1iWJvvA9CN1EF22xKMuw,italian,1,1.0,0
Dyna-nZuhBMzuLN08iAj5g,chinese,1,1.0,0
oWBXj6DKEAKjN0ysTsxsfQ,chinese,1,1.0,0
ksLmkAY1tJZbzLWVZ49rBg,chinese,1,1.0,0
WLzOfHkVmdS7itwSRcs_JA,chinese,1,1.0,0
7QRjLsDoael6JYBHh8OaXQ,chinese,1,1.0,0
nFKK74znvKjlE397qAGxvQ,chinese,1,1.0,0
tzAQZKNKFb5EJdfyZqsPag,chinese,1,1.0,0
dlaH-8MvpzD45lP6KXUwUw,chinese,1,1.0,0
z33EF_U-OUG7KZb_7np4IA,chinese,1,1.0,0
5gYnVJSFv1E7ALhyhwOgdQ,indian,1,1.0,0
HJ6B6AxskMAVdQpkoMh3mQ,indian,1,1.0,0
q7i2FpruTVxs_hzODHC1zw,indian,1,1.0,0
rTm63gLAB0OkvgeAveqxyw,indian,1,1.0,0
kzyyaoOEg6GK8ZPOfSZ79Q,indian,1,1.0,0
g0wvwIRjFTcsFvaNcN-aEw,indian,1,1.0,0
snpSmPpuPTGLsND0Ib9czw,indian,1,1.0,0
dlaH-8MvpzD45lP6KXUwUw,indian,1,1.0,0
q3ZCT7wEv2q9toP55B8Www,american,1,1.0,0
VVt0dET2r5wKNCtLh5bnXA,american,1,1.0,0
pfL2h0ZBL8PgfcufpLMRew,american,1,1.0,0
pBt4r4iM-1GvQvkjIwfNWQ,american,1,1.0,0
CCQc3veq8YevyZGhjD8lbg,american,1,1.0,0
8r9nTHJmZtiyBPEHaof8CQ,mexican,1,1.0,0
oE7d1ASTH71BP9BGfFYKEw,mexican,1,1.0,0
8oMu8AQi6F1DRN68hTvK-w,mexican,1,1.0,0
52ftT3rDm_A-lRJOFJ6eXw,greek,1,1.0,0
Ta0E9dvKaF2-Tt4_JJyNmg,greek,1,1.0,0
3SY9u9Octcnvc08aI1wvZA,greek,1,1.0,0
-fkhNDY5C6ME6TTzfy1MDw,greek,1,1.0,0
d5n_zQMaVZxFKNnS-4ludA,american,122,1.5,0
d5n_zQMaVZxFKNnS-4ludA,mexican,122,1.5,0
3cXsW6HxqW1HS4fcNCP1HQ,american,75,1.5,0
M4bCQStEWBOhC-NPojA98g,greek,26,1.5,0
uuDxjiidiIb6dTsV9edUTA,italian,21,1.5,0
vQXhuCQ4Wc3WWesp9hy3VQ,italian,20,1.5,0
ZwcqXWD7hx_CZlls7AIPow,american,19,1.5,0
jrKevZeYifGCMxRXS-E1Yw,greek,17,1.5,0
ZL2QeOMAPXthvBmng5RN-Q,italian,16,1.5,0
x7_dQJcIii29X7XL6FdfhQ,italian,15,1.5,0
tEUvjMgAqwE0OE0BIIe6Fw,chinese,13,1.5,0
wzrrUemQ6pUeZRfISnoYbA,italian,11,1.5,0
XxnnXca0ODSmMpS5QrWlCg,mexican,10,1.5,0
QQBPYU-egTk-8pIkroRThg,mexican,10,1.5,0
DuDZ4FZ_UxGQ-3GPuk8iJw,indian,9,1.5,0
c7zntdkvYL8XZrbGiYqLFQ,italian,8,1.5,0
ONxyui24QQxoALsq6NGUog,italian,8,1.5,0
HNjuGzWT0O9Xk_9q_9HF3g,chinese,8,1.5,0
zbFtY82_ummK4amkT-M04Q,chinese,8,1.5,0
yaGbqAboFEo-ThynBkd-eQ,italian,7,1.5,0
XINxZ5fHTKq5eCq-z_KS8g,chinese,7,1.5,0
nhmonyG0NUxWN-sJ4vfJZw,american,7,1.5,0
4u2ls0mGJNhfyzrqAMXtZg,italian,6,1.5,0
oGTQllO71zXb2XCMjJHlOA,chinese,6,1.5,0
p5cnaEIowlS-qkXGRzT7AQ,mexican,6,1.5,0
aeXM2NKLt-k7Lp7hBiBpWQ,italian,5,1.5,0
isXy5v7DINDu9Zg-FGCYFw,chinese,5,1.5,0
pH2ytHYqyFCwF2Uaw_6ngA,american,5,1.5,0
wFP9QkYF7lxwXa52t_qsXg,italian,4,1.5,0
dJBUz34x6FixXgq7S4fFLw,chinese,4,1.5,0
my5v0UE6gOukDVmWQB5RpA,indian,4,1.5,0
sXJL18aw-l12VSR6-OjCbg,mexican,4,1.5,0
oPDpXdT4CyldMoEbRiHtZQ,italian,3,1.5,0
ci4y1hlswh2ZWBNzySJKxQ,italian,3,1.5,0
pQ-hX4E04DKH_buP_MByUg,italian,3,1.5,0
e5WAfCqfd_66zgrHmn8CiQ,italian,3,1.5,0
QJbdDzunUrvAkiqjBGJaqg,italian,3,1.5,0
pMgnS6fdz58c0hBXf6vHrw,chinese,3,1.5,0
oTaU3tZxtKzCwrPcx6SpoQ,chinese,3,1.5,0
DriTzxc8L6gaKMolC27FHw,chinese,3,1.5,0
7BJuAqFlmvTF-AijStel-A,indian,3,1.5,0
7HEqKmiDJ1LN9DzMalWrjw,mexican,3,1.5,0
x2ZnyXsVpBQicH0_DbgGeQ,mexican,3,1.5,0
x_I-xT5E_qNEH6jinLx-oA,italian,2,1.5,0
gj0wPqckWz6AaRzi_jKQ8A,italian,2,1.5,0
lbdW9Ex2xjYbVJaHgWwe7A,chinese,2,1.5,0
EbZBprFWS7MCzAIJV7R8iw,chinese,2,1.5,0
3Mi452A_aIZwp9dmKKrClg,chinese,2,1.5,0
OfAAt_CuVY8wSmmoq4iHew,indian,2,1.5,0
VT00g_k_NUkEU9yegFUV6A,american,2,1.5,0
jluEI1ZDQDeJlbl-M3YH3Q,italian,247,2.0,0
Lk2I8GTjKLd_R1drktNWNg,american,155,2.0,0
vgaOy7n8BQFkPb0wzNX9eA,italian,55,2.0,0
MYD9cd9lbYCqN-B6DgCtkQ,greek,55,2.0,0
Vwv0Db2gvyvQsM_1FkSDPA,american,53,2.0,0
LzYy9DdprXyI2zXNSP267g,italian,51,2.0,0
LzYy9DdprXyI2zXNSP267g,american,51,2.0,0
l2KV-9-dkrvhZF6lNrPpCw,italian,47,2.0,0
gsqm34KlLnOgo-yNPbZbYw,american,45,2.0,0
A7glw1TI5YmoIQWoMhONpQ,chinese,41,2.0,0
HakulcKdPE-RaWCVF1GUKQ,chinese,39,2.0,0
xVXyrTWbG8U3szze-aA7eg,italian,38,2.0,0
I-4CIMvJy_M7U4EuCijxZw,chinese,37,2.0,0
_zFlhXj2TUWWuW7Sl6jmkQ,american,36,2.0,0
6ZPS9S5hWW7-CSIbLA7vxg,greek,33,2.0,0
0rjArZxONWhzsr58ddAeEQ,mexican,30,2.0,0
fC-fYPMzE7_CAWSBNMntxg,american,29,2.0,0
0MAsCdFPG8n0gg46we5Q1g,mexican,29,2.0,0
PZ08ZO0-t2r1qA5WDd6wfA,chinese,26,2.0,0
SANO6RtVrYUVy3ObKQTSYQ,american,26,2.0,0
7VShkfLFDaTngFMd8fl5Rw,italian,25,2.0,0
tMeEiLIGW-k0fNLhDsD9Ww,american,25,2.0,0
iQbvBT1PY1FQdxGUC30nZQ,mexican,25,2.0,0
UTj2l1Cdc6PFdPzVtJDndg,italian,23,2.0,0
3psSpUMwT4zdNca2pOPxRw,italian,21,2.0,0
DxzF-hwT3OibWv12hGdkuw,american,20,2.0,0
YwTtrKCE_9OaMe9xASCOkA,chinese,19,2.0,0
DQbbE26lEFq4rEFSaEEhRg,american,19,2.0,0
Mv3pO01Alty1pXQwi-Uy5A,chinese,18,2.0,0
djVzd-9vZWisUKYDnn1TWA,chinese,18,2.0,0
Idk-QTyUZq9w0ALh5cyvrw,italian,17,2.0,0
8vq9tnnH5qvnbBdeXYBJyw,indian,17,2.0,0
lxlwz6rF3psUP8FBoU-Vgg,greek,17,2.0,0
APyqRwSZ5g-FRWxDl7YuEg,chinese,15,2.0,0
X46mymnTc04uhlXPqmq7qw,indian,15,2.0,0
YRWGkDCSVVu6LU5tOjMGyQ,american,15,2.0,0
oehhO64RcYeo3LCPZkGEig,american,15,2.0,0
bS1QYpfEw7oIteDfTzpH8A,greek,15,2.0,0
neBW0IYhxkj9zE7R4TA3BQ,mexican,14,2.0,0
tBnkwWamzdO6X25sfV0Fyg,italian,13,2.0,0
odLg-mMy5e1Hk0q-a1FPGQ,chinese,13,2.0,0
Pr8Qdo1BOMwQFtmITK5NTg,greek,13,2.0,0
HH0-DjaXAqlHurZI5YRO3A,chinese,12,2.0,0
2H843YvbXPrEdAfpbI1ZfA,italian,11,2.0,0
N8gYomVaiSiss513snlxhg,chinese,11,2.0,0
2H843YvbXPrEdAfpbI1ZfA,american,11,2.0,0
SN69A7A6gnjAJiN9wnNWHQ,american,11,2.0,0
CRodDW9rSwedfyT_pkA5uA,greek,11,2.0,0
yyT2aODioewkwIP-dQZ_wA,italian,10,2.0,0
gLJravrwk28C2WXExAh5iw,italian,10,2.0,0
9E804-Y_sWsyVv8LPZbIsA,chinese,10,2.0,0
wtODHqs34RYh1Q3bEI4OUg,indian,10,2.0,0
pFZnJgXWJ1YlnDxdMhv1iw,mexican,10,2.0,0
pSjoZ6ojMGRIQM2KAGqFGg,mexican,10,2.0,0
447ZwFuzlKlctvMP7HfUUw,italian,9,2.0,0
-RulWSOzkK2zMTsU7aa0lg,italian,9,2.0,0
5R6aB5T6pDIlgam1nbibcw,american,9,2.0,0
Dj-SKw-awL_g7rHgCbCOew,american,9,2.0,0
ycgRwiiB06C05tK9GkA4iw,greek,9,2.0,0
lk3-wld-aysXpgb2kPVE-Q,italian,8,2.0,0
viRqqFhA6SsB5BRiKF9F6A,italian,8,2.0,0
Eo4s6CmPpEcXCkfg9Zk_EA,italian,8,2.0,0
YrFBrZSOPqR37lQrUG2gGw,chinese,8,2.0,0
qqU3d8IpcIw2BJrsGxSL9Q,chinese,8,2.0,0
bdBlybBalBeuw_DHSvzFFQ,american,8,2.0,0
C4O-xIlNZN6r0XzqtsVugw,american,8,2.0,0
rI_DhGggyQZwr0Rsh9bXTg,mexican,8,2.0,0
r0Xnha-lhWqGp-2prVrQ_Q,mexican,8,2.0,0
Tn8m9mW22K5l1Kuf1mv9jg,italian,7,2.0,0
gpb18i6bLxl5feUrJFmxTQ,italian,7,2.0,0
5qv64swPbfilKiKOcnPhbg,italian,7,2.0,0
R1fkx0YcnRxqT0XpoxW1tA,italian,7,2.0,0
2V8r_VDFqbGNZclTW25FGg,greek,7,2.0,0
m9tH7h2sKkyWMdTbBYej9g,italian,6,2.0,0
JZB9Zjex7mlJNu7lyJ08Qw,italian,6,2.0,0
XXXb0ANM2vU37VnAAZvlVQ,italian,6,2.0,0
3K9Ubut2voHsQeVq0PCn3w,chinese,6,2.0,0
lBwx8insD-RNa-_lOtA3kA,indian,6,2.0,0
mD4aoafwVXCeY_15aZCePA,american,6,2.0,0
Ia_4DtMhp92IcFt0bzZhIg,mexican,6,2.0,0
5h4lJTL1SDoRR6FMxnQ7xA,italian,5,2.0,0
MrgZDTcDBf8dmsjrCQNsaA,italian,5,2.0,0
yLgA-rICHCKNXLJHeoyBLQ,italian,5,2.0,0
ouehYUlrMzvA3aHclsi_zw,italian,5,2.0,0
ja37wTbrmYObsGw-_ZKZhg,chinese,5,2.0,0
E1qCzAOYLTnbT9c6TA-YjA,indian,5,2.0,0
5HGvAbAuXCoaafL4dRcKdg,american,5,2.0,0
t6qS2DdQqz4jJUxwdDtM4g,greek,5,2.0,0
mgOI97yGOueI_IE34gC2cg,italian,4,2.0,0
i6-F6tKIjYRQajVSyjJZOQ,chinese,4,2.0,0
Yg30x5Q8dlqLXCY4VDHHlw,chinese,4,2.0,0
V7vrXl_1-8dCwNXP7tua1Q,indian,4,2.0,0
Yg0447fZUQrPfUNBt225iA,american,4,2.0,0
siRRGXSIPEMCIJs_9qgVVA,italian,3,2.0,0
VgE9ERQjNZLFRZkpME-Dew,italian,3,2.0,0
NzMcsVtG1sSQHFXFwcgRFg,chinese,3,2.0,0
AXOvlcEKQKtttJBklX74xA,chinese,3,2.0,0
9jJxXCuwku2l8arVGrBNTA,chinese,3,2.0,0
F3VljbzDqqKoPNJFhR78qA,indian,3,2.0,0
HaitQMWyni7ge1OtpLPEhA,indian,3,2.0,0
bxp303ptM3n5hLP_NhNfHw,mexican,3,2.0,0
I9lZ1zjPLiCYSfRIwfFupQ,mexican,3,2.0,0
MlKNIbEM-JL9WesSdwf_Lg,mexican,3,2.0,0
4oD9oCn1DyGdX75foWybxQ,greek,3,2.0,0
9UEf0wPNG-1WA_A-XVduSw,greek,3,2.0,0
vO_cfOn5s02hbPiEC5kCqA,italian,2,2.0,0
K4bBvSz-eBykkHXT7jJjVg,italian,2,2.0,0
G1xAFo_HoLx9-4BH7VAkuA,italian,2,2.0,0
BmZr00dlWemsQqMYBmdg2g,chinese,2,2.0,0
Xn1MG1aH6kzyI3hOnW3nOg,chinese,2,2.0,0
OpOvVL0--zg6zC7z8MKDkQ,chinese,2,2.0,0
sqXwWgw9CuMJ9olZCtnWcQ,indian,2,2.0,0
6nnEGC7ILb0PMZuy-wh77Q,american,2,2.0,0
McjhldIPMdoCW1rHr1bj8g,american,2,2.0,0
qU5d7D-UDjFFPdrtl5DE3w,american,2,2.0,0
cuuWWUHB1ChNEtq8OvxJxw,mexican,2,2.0,0
u6cO-ubpzrIODOfcGCGKUw,mexican,2,2.0,0
41SVNEoc59D7UZYT-tS_NQ,spanish,2,2.0,0
8xg3J-6I0RnGjccOYdOkIA,persian,2,2.0,0
hxsa9bs_ZUR14yOBgTSvzw,italian,1,2.0,0
F5S6pQuALo78HSnkaWyljQ,italian,1,2.0,0
Afthfer-vV8pQPwSIgvAFg,italian,1,2.0,0
SGSo1WhIQS7kLh55LJxdhg,italian,1,2.0,0
peUikig3DHqyYh_psuJk0Q,italian,1,2.0,0
Cx0ITVo0_drn_00zc_sWMQ,italian,1,2.0,0
2Z4w8jEQtjo7gMWc7i_F9Q,italian,1,2.0,0
VYSmqLmHOsX2ZuhCTZKxtw,chinese,1,2.0,0
F6Z7lsXRY66au0RXB2G4GQ,chinese,1,2.0,0
9uhlPl-P844VN4qDPqJYVQ,chinese,1,2.0,0
eStqUhMl9WDJs1YNThG1gA,chinese,1,2.0,0
_oNg9xKaNFlv48dWB5EuZg,chinese,1,2.0,0
YwL2dZhGuUU4xo2gZMolrQ,chinese,1,2.0,0
liP4TiU4rFYaLi0L0KOJdw,indian,1,2.0,0
SATYt9LN0d5z7dzqigYhew,american,1,2.0,0
ooj8Wlc1t8fQM0HEK_D6WA,american,1,2.0,0
WKDqjqo8jI9p-HReVIJcxg,american,1,2.0,0
1uRiKGbcT38Q9i_LU6KlIg,mexican,1,2.0,0
2RxsXPUBvxeVQvCyjGdKlg,mexican,1,2.0,0
hiAcuTrLoAtzcBWPLFM1wQ,mexican,1,2.0,0
lXapbED-AM0hTwHLL0vd8w,greek,1,2.0,0
tOEkxPoC9qN2zsvHypwdQg,greek,1,2.0,0
xFkUn2tIJY0vkcm1Hl5m_A,american,303,2.5,0
I6oxEn1HT41S2GPrDKPPvA,chinese,280,2.5,0
i7WdEjPrZkzo7whKd-PufQ,american,243,2.5,0
aCQbOhehLeej31x6EMY5eQ,chinese,223,2.5,0
E9b73ETPw0VYUJ2_YSJJdQ,italian,216,2.5,0
4wtqTzXPPp_6vBfFQKiTGQ,italian,216,2.5,0
4wtqTzXPPp_6vBfFQKiTGQ,american,216,2.5,0
4wtqTzXPPp_6vBfFQKiTGQ,mexican,216,2.5,0
5Qoq8cif3nMCQUN-urH8YA,italian,189,2.5,0
5Qoq8cif3nMCQUN-urH8YA,american,189,2.5,0
SxjNgkzAlUG-wt2rSbc2HQ,chinese,170,2.5,0
7Cm5SCTu7LePBCXTUaEiwQ,mexican,164,2.5,0
eSp5ge9VAwTywZKlJ_LBvA,american,158,2.5,0
pdTYUCGkYz35utxPyUMoag,mexican,157,2.5,0
0hudPyuCBlKg79OwKBw-eQ,mexican,154,2.5,0
ZbnFrow_TRDhpzkzTWAVPg,american,145,2.5,0
4oWEqa3paBylDXRfTPB-bA,italian,138,2.5,0
dsIHIXyAl_ldqkd8QekvTQ,italian,130,2.5,0
dsIHIXyAl_ldqkd8QekvTQ,mexican,130,2.5,0
hY77DYw8mh1WT9yypK4qyA,american,109,2.5,0
hY77DYw8mh1WT9yypK4qyA,mexican,109,2.5,0
_3fBaGFFg4cjOEiMOJ2cgg,chinese,104,2.5,0
Aq4bCSpn6rWRNDWfHh2WfA,american,95,2.5,0
4h6LSyBwqlcxIGRg8bgalA,italian,91,2.5,0
4h6LSyBwqlcxIGRg8bgalA,american,91,2.5,0
W9oSegtf7DYNryRWguaUPg,american,88,2.5,0
eGWHBdETGp1ZjicMPlEEwA,american,84,2.5,0
VNyWT0hLkIHzt5HQ0W4tSg,american,82,2.5,0
L1PsHcUvdiZvViwYjwGK-A,italian,81,2.5,0
1laaO5PS8fLK5kPTkSSYsw,italian,71,2.5,0
ktf_QNZaJ1IvnXrncZCQqw,indian,65,2.5,0
fzQeUR_AvjpwIWjsMDAbGw,mexican,65,2.5,0
HtctU6CwYrKN3r2SL259EA,mexican,63,2.5,0
NIepcNSKopCiennUfPDkNQ,greek,63,2.5,0
8QwAWJJ1FtICnE266xISMQ,greek,61,2.5,0
Cg3sK4ptre1uPPCzPWH1aw,italian,60,2.5,0
4VFSvjuAkcpa2IOPc92Ksg,chinese,60,2.5,0
Cg3sK4ptre1uPPCzPWH1aw,american,60,2.5,0
dVMP0_oELc7hf77NYCgudg,chinese,59,2.5,0
2mZGnGIMUNRQY3d0hjdAxg,mexican,58,2.5,0
yYL95YmG-2lI33G9ZLseyQ,chinese,55,2.5,0
43PeF0ERpSIiEbXM6f9N2g,greek,55,2.5,0
nWD8OWd_DAXGubGpFenmiw,mexican,54,2.5,0
MDjIylNU6CYq9hR3Qe6hVA,italian,53,2.5,0
tlRJEER67t56LCPiGi1T-g,american,52,2.5,0
DLwpjhatiSRN7QqZQwokSw,mexican,51,2.5,0
UlI0TksGFiIXtcbtg2KalQ,chinese,49,2.5,0
XGX5LW0s-OpjmOpVXXYshg,chinese,48,2.5,0
fTIAa84N6JNTDxUtt-Ldng,american,48,2.5,0
ORyR5StmKX5HjvFEV1oBXQ,american,48,2.5,0
uN2oZDJGO078ExbbV_DGmA,mexican,48,2.5,0
xPFoRtpa57_INuHZmn8-lg,italian,47,2.5,0
3QRdvd5F6rnKzLLb1mIg6Q,american,47,2.5,0
xPFoRtpa57_INuHZmn8-lg,american,47,2.5,0
dmg1WD9FPMnT256qrjnO3A,mexican,47,2.5,0
VAE8gdXm7JAml0CLTs3kNA,italian,46,2.5,0
sJ0MYSAIVK28cMzh-s-NPA,indian,46,2.5,0
yADOyFmSlHuixlQ4MtHhcQ,american,46,2.5,0
edO9zyRGJcwiso8ZcAkA8Q,greek,46,2.5,0
uQDVjBcG6t3t-5hSQnZ4lQ,mexican,45,2.5,0
V65Ffj_EDwOn75WcknbUdg,indian,44,2.5,0
6LGxBAa_OsTByYexF6hJLQ,italian,43,2.5,0
8v7nrjG5K0cMleIP4Kit-w,chinese,43,2.5,0
8Ul8_OsM2Xxg8sC5xwe1rw,greek,43,2.5,0
Lmqj8Me1EiYljYj0N1W7JA,italian,42,2.5,0
Lmqj8Me1EiYljYj0N1W7JA,american,42,2.5,0
tqJGBUKMNoUNX6FvHOHQGg,indian,39,2.5,0
umxN12ok_qOB4qru0qmx6g,mexican,38,2.5,0
mt5kFJr1rOqIajMguELR9Q,chinese,37,2.5,0
WuO1CukY0k9neAQsijMYhQ,mexican,36,2.5,0
b13cpT8r7F-7rAas19pYzg,american,35,2.5,0
ZTgclQiedMle5k9Fy-aOoQ,italian,34,2.5,0
uNqZVE7HGZI2Rqrdssu-7Q,mexican,34,2.5,0
rZ323fzw5QH2g_P1jPENyw,greek,34,2.5,0
N97-DBkCFBy69maCMkUG1A,chinese,32,2.5,0
cRuk2y-LeWL42UVEkLVU3A,american,32,2.5,0
IJZrpASpveRG_BZAnP_z3w,chinese,31,2.5,0
PRUhSfe7ihf3nLcihudsuQ,chinese,31,2.5,0
SZldZinCvCRE6u92q0u0cA,chinese,30,2.5,0
QxngAo1AnfcihXqdk3IA-g,chinese,30,2.5,0
kzOBa1uvGdYunmw6ssF9Dg,italian,29,2.5,0
6BO1PcdtU6idqO0njUnCYA,italian,29,2.5,0
abIF7pw1Hyu-eVW3LwNhyg,indian,29,2.5,0
ydYaEuoB-6XX__XFrny0Uw,persian,29,2.5,0
64kpo_0UjVcy0x1o4CgyXQ,american,28,2.5,0
0aklQwTTOyRvXCj33g2Zxg,american,28,2.5,0
B7Fb9Z58FAwzuWr4Au46oQ,mexican,28,2.5,0
qEQO8zzmQ7R1iVHd0Ttjjw,american,27,2.5,0
REbNih8rOHc63a7WRRKb3A,mexican,27,2.5,0
MVRXrdpJM1_wRvdIRcPmKQ,italian,26,2.5,0
-nudEBpbqQI4eR4KkjCl7g,chinese,26,2.5,0
ycZRyUBfitNEkV_AKTnjYg,mexican,26,2.5,0
ZBSha-zoPLias7wCQ0ZyVw,italian,25,2.5,0
-0CTrPQNiSyClxhdO4HSDQ,italian,25,2.5,0
P5NfFdOUSyhEjbMlfnxPpA,chinese,25,2.5,0
nPatYo3wQ7tcvx7nzOU4GQ,chinese,25,2.5,0
CvsTfS2pIWwZbwusZL4x0Q,american,25,2.5,0
YH_-5LGif2oRj6ax8gENpQ,american,25,2.5,0
NPiVx-WKsuOEl1v0eWdxYg,chinese,24,2.5,0
zsyQEMYhIDcdGLbf-kYlRw,italian,23,2.5,0
LDxKcVT4u2SW_3ClCYmIaQ,american,23,2.5,0
bns0V-7B5eAUBQ5qfXL12w,american,23,2.5,0
FuMc84iDRyPHD8tpkME0yA,mexican,23,2.5,0
pkPNWdjzIcXWiMJ2krStIQ,american,22,2.5,0
o3h6ownPor82HkNo9z67Mw,greek,22,2.5,0
AYTlIG4ys4UozaZi_q4L5w,italian,21,2.5,0
2-E9r2MPAlAcuWVzI4hNaQ,american,21,2.5,0
QPSRgMmcjLt_gDU2y5bPSw,greek,21,2.5,0
7e5VezwFWmNyv5RvuHyFrQ,italian,20,2.5,0
pZbSHLeDJqgdwf3QSHKxYA,italian,20,2.5,0
tNqVQV0i8KU44redd1lZKQ,italian,20,2.5,0
ZyS5VIWXTQoqMfuv3UgtcQ,italian,20,2.5,0
JotRkYFXqP3iQxVmRN7W9Q,mexican,20,2.5,0
iAdj2sx6LHWt6_zM7U3GLw,italian,19,2.5,0
kiyTiW-2Ba65O3uAMaagTA,mexican,19,2.5,0
Qrz20jCLqVSixe53_McCMQ,indian,18,2.5,0
ffluQUV9mqEzdqR8ZExdHA,indian,18,2.5,0
ABgeUaVsMEqkcOI4bWsj2Q,indian,18,2.5,0
GLKVAHzymmr3rjDp7vE1WQ,american,18,2.5,0
k0M6oh4KGwW1Tp_YA_Ywwg,mexican,18,2.5,0
L0T0tx47qXd15FOrLoKUng,greek,18,2.5,0
wtgrvqXDjAFF4LvJW1X-1Q,italian,17,2.5,0
wOBIhDxsREub6XZlVAoR4w,italian,17,2.5,0
cY70RdP5w6gxRhY-wZ681A,indian,17,2.5,0
vh_bMZ0nNFnw7pJquyQtQg,american,17,2.5,0
dhEGLCGSBCJYfe64kjENug,american,17,2.5,0
uHJk9P3u_N8m1wZwbimunw,mexican,17,2.5,0
Zp5xil8pC6Bm-fFOWIbh0Q,mexican,17,2.5,0
QDd3TPw_1kc864RpZs6R6w,mexican,17,2.5,0
udKD_WVoQZYww1sDYdebPw,chinese,16,2.5,0
a09M-1wnwc7MLyPYDqjJJw,american,16,2.5,0
67dxFBcBKl9sEkIIcm3j4A,italian,15,2.5,0
vAuTKGhQWGluWH-IwbHxlQ,chinese,15,2.5,0
CjbS1Y4leBnKmtvslg5UnQ,american,15,2.5,0
o9bZtA-swBQV3YDCGqaFXw,mexican,15,2.5,0
ieN6CyuGNnkOR0955vkoxg,greek,15,2.5,0
D9LMDxJTbMIP5drSgWp1SQ,italian,14,2.5,0
0Eqjt54KPklmWTsly9ltyQ,chinese,14,2.5,0
HQo5nKrHtbGto-aM_U-6fg,chinese,14,2.5,0
Jk-HrcmtWwYO33kvSCaTfQ,american,14,2.5,0
6aOoRA6P_lmUIzFO6mX3rA,greek,14,2.5,0
ioJYj9mFRprldQ3Yf2CLTA,chinese,13,2.5,0
heLF99lVDRf2Z-1kCWpHdQ,chinese,13,2.5,0
vOfDuWXX7nzSWd3nUD6-XA,mexican,13,2.5,0
6tFbsJuIarw6vawDOZ9GkA,italian,12,2.5,0
7QWL-mbnzWNhzbaAQF3AIQ,italian,12,2.5,0
yZvJoiArMI9xbRZ24d4fIw,chinese,12,2.5,0
i3jZgPgXPtXbZIjv7obagQ,chinese,12,2.5,0
4y7oWP84BohuuAXQoDmguQ,chinese,12,2.5,0
1HplwLVbBid-Bgw1sEPGFg,chinese,12,2.5,0
HjZCuRTUCdykLkdgfU3R4A,american,12,2.5,0
147BvO6Fm58E-kYoXTZfPw,mexican,12,2.5,0
-Z358O0-8eH0sgSjKINvMA,mexican,12,2.5,0
gpjBp9QsM0YhudR-N3j8EQ,greek,12,2.5,0
gQbfVuWEElYFqsS0qbUbpQ,italian,11,2.5,0
E4wuEcTEmuq7kvgSbTDLFQ,italian,11,2.5,0
baY3pCVhwAKyWFXagiOCNw,chinese,11,2.5,0
Dl2vgi5W_nbe-A97D0zgfA,chinese,11,2.5,0
Ue2H-ajY-uBKwGoBDQutCA,chinese,11,2.5,0
8owN7MXEQ4SC_3coyc7WPQ,american,11,2.5,0
cf7sazfGpGbpXbVoCgxlmQ,american,11,2.5,0
Cj5Q45PySkj4ld67S1yL0w,greek,11,2.5,0
yg1AEELytdwqj7VfzFyY_g,italian,10,2.5,0
wa41KP_3J9msvVHDtAOddQ,italian,10,2.5,0
lCMOdWehkmMbb-BY4B4XxA,italian,10,2.5,0
10sJZwLXesYzSJYxaMmBnQ,indian,10,2.5,0
y7tDTX4WWAvLxwqAMs9D_g,american,10,2.5,0
014FsLbXZrHg3k1LsRgElQ,american,10,2.5,0
svprklt__hAxd3I1-ME9Uw,greek,10,2.5,0
9Z6WpoBnuBZBWr0ML6WRpQ,italian,9,2.5,0
OzujiLjUUAeoTGPNZ8ViCA,chinese,9,2.5,0
MQwYaX3IIEbuF1Le6x_G3A,indian,9,2.5,0
GzF4lVSh61sayvwVMp8RmA,american,9,2.5,0
Au5wM_H2249stxKbbfJeig,mexican,9,2.5,0
XZLGxt2OJgxxW_FsjBIkKg,greek,9,2.5,0
a9usBo16KZ-gxOJXdryNlQ,italian,8,2.5,0
sdcEIyn3yRYBToUu7ctY3g,italian,8,2.5,0
S0kp9gHopOeiSLQzTY6vhw,italian,8,2.5,0
Wpfv64KNkGwMzfo2B_VAuQ,chinese,8,2.5,0
adFNDERYHRP_Fjq9ipUXqA,chinese,8,2.5,0
hsWx7ya8jLMhi8ZWX23Thg,american,8,2.5,0
Sezj70iiLc_Zl_-Eyr2eXg,american,8,2.5,0
CEqmM7PBlStvk2hMmHFBsA,mexican,8,2.5,0
wHTPHng-wWg85AF_y8IDuQ,greek,8,2.5,0
eFU7lA-WXAMAEGo0yDrMLQ,italian,7,2.5,0
gSEfef7CBFHBe3R7J37_3w,italian,7,2.5,0
EDqCEAGXVGCH4FJXgqtjqg,italian,7,2.5,0
zHdMSjk9viL2MjCTT0l3Tg,italian,7,2.5,0
a9-r8ru5CAN_cNK1kVsPnw,italian,7,2.5,0
XhI9jFlXmT33LQzOHkJrlw,chinese,7,2.5,0
mFQTnqCaJwhK7OAu3u4A5g,chinese,7,2.5,0
Ggwz0AdNez0oRTGHCcHj9w,chinese,7,2.5,0
VYY5fiRdQyDdDphQL2bmWQ,chinese,7,2.5,0
vOdFaWm5VgenJODzk_nIQg,indian,7,2.5,0
r9RInq9B_cT1raDM4bNE6Q,indian,7,2.5,0
ra65zNEvp9skoxr9wSydTw,american,7,2.5,0
YiFCHXw7oZQg53oM3e0R4g,mexican,7,2.5,0
xFr7WKEyRRURjQmYXEk-LA,mexican,7,2.5,0
KJn6MkHUXtpMKloNT8_iVw,mexican,7,2.5,0
XugCgJqRQgNGeiycvTybjA,italian,6,2.5,0
sse9sgcNBnZoBCSSEyzDoQ,italian,6,2.5,0
LBHYAEi8GvbSj6GQ54bA4w,italian,6,2.5,0
H_ngMvvTOse6N5scXHDZdQ,italian,6,2.5,0
Xq9SvfRq_PBr8ma6vwh_Mw,italian,6,2.5,0
6SGDzb7yBIOjJS9WPnzJ4w,italian,6,2.5,0
zravs6cwUxUWsxf1z4P3_Q,italian,6,2.5,0
PkAn8wR5ETI-WnjWx65D1g,chinese,6,2.5,0
KErZUJuBlf-Abb_xB4xVIw,indian,6,2.5,0
o1k4u6TCnI_IB1XUG48eCA,indian,6,2.5,0
76LLUmnfMjBnppNUw0J4fA,indian,6,2.5,0
mOjyGsoByHV60TH2f_rH0g,indian,6,2.5,0
xRu_KfaJcowaKbr8nNnm0Q,american,6,2.5,0
W43UdxH94MBWxH9_koNgEQ,american,6,2.5,0
jnfFIosV8zpC3eZ2RcjEeQ,american,6,2.5,0
keRbHz0ERWTn2Y8sSHhraQ,greek,6,2.5,0
aRut7oOB3wIuVQXLCrvEzQ,italian,5,2.5,0
bbLmWFHAr-dCR8KHVla8aQ,italian,5,2.5,0
MzDdDpDXFyqsWTtfXrZ15g,italian,5,2.5,0
luJ2N0iMnfmqmj4ksl58HA,italian,5,2.5,0
Nl4v432g8ZdnZhAlShj8Sw,chinese,5,2.5,0
AcCrkVSrZ9qShuPhXYDgGQ,chinese,5,2.5,0
WuRe1cVirO93fDvuW-3u3g,chinese,5,2.5,0
cSSNM-c407ucUzKKHuEDGg,chinese,5,2.5,0
r_2voyLZfKpWDc02fXhGkw,american,5,2.5,0
n4CfdiwZXWB-Hc6jQZe3Jw,greek,5,2.5,0
0k6B3X0sinFB7ASe1lWg1Q,italian,4,2.5,0
MPhhbu9HfDK0OjdtdFN1BA,italian,4,2.5,0
vq1Tg43GGRj_BkTXmlZSCg,italian,4,2.5,0
OT3OgSjkxj40nC_P_1JWBQ,chinese,4,2.5,0
Lij0OcvPD4LAnmklHQpDCg,chinese,4,2.5,0
Jg5a0ltJYBx1tk1kAO0d8w,chinese,4,2.5,0
Zp8PkqNJp2bpS_wJhvPJ-Q,chinese,4,2.5,0
DB6p10pbUuAsbEIYOMB9kQ,chinese,4,2.5,0
y3Z5as4z54cDgXJ7S5MSbw,chinese,4,2.5,0
K41XnhvOVPUcLEUbMM4jSg,chinese,4,2.5,0
FLTgadyh5s8JIBwgR_xxyA,indian,4,2.5,0
_S58fmMsy4v2odxzAhMzTA,indian,4,2.5,0
BopPNhmn66uUDL2dVyDjHg,indian,4,2.5,0
00BHqa91AXz20Ca5k-Peiw,indian,4,2.5,0
n3sGL6_mJZQy-cdjx1-Bgw,spanish,4,2.5,0
z8tz9r-wWeBGNDOIiHiUFA,greek,4,2.5,0
09H-DSNbIAsNmE-nCA4zaQ,greek,4,2.5,0
DGPo_cIF9fHkfgYQkxhiMQ,greek,4,2.5,0
n3sGL6_mJZQy-cdjx1-Bgw,latin,4,2.5,0
8fr_dq2X5ujH5i2bJP238w,italian,3,2.5,0
tvOpzkdr0yYdjqveyoPIKg,italian,3,2.5,0
cpb2cWZZDiPQTWS8BbmyZw,italian,3,2.5,0
r5cODFbjTHRqQkreHX-yjA,italian,3,2.5,0
VZiCUfK61OnhF_wnz_OKiA,italian,3,2.5,0
VszNa6wn6vU_9BP4zrqGVA,italian,3,2.5,0
AZB4eddtfB90vyoB1o5N2g,italian,3,2.5,0
mSY675sCniAMhSuc7225HA,italian,3,2.5,0
xeHaI3Qguo5YpeR0vh7hGg,italian,3,2.5,0
bw0Ofn97wBuvf3BsYZyjyg,italian,3,2.5,0
eiLpc6IO5EOBe6RvPtJrFA,italian,3,2.5,0
vnT587fDqnKbSOIXBU6R0w,italian,3,2.5,0
cV0Y8Y6dc4h1l7Nyavd4lw,chinese,3,2.5,0
ZWpwLKv54BB4nkIpBCVulQ,chinese,3,2.5,0
HjT1oe9jea1m65FWEYbfKw,chinese,3,2.5,0
9bPeWHLGZPFGLob-iJyQdQ,chinese,3,2.5,0
vNbKGDtwF8U34SKvt9Dtbg,chinese,3,2.5,0
uleZur4VLVhHfLS4IMspCA,chinese,3,2.5,0
2eIFAs4S1pl3nJsyIgZV6Q,chinese,3,2.5,0
LTxa5EN7-aYZIYm2D4s1bA,chinese,3,2.5,0
Cfj526DoysI9UvojIrRsUw,chinese,3,2.5,0
5hVb9c7DyE8XnDafTvANSw,chinese,3,2.5,0
dPmWz-O9fF1FjQDEEX2JBg,chinese,3,2.5,0
8rpkIPlk3gHGR2sULZbJAA,chinese,3,2.5,0
qF4A1GW3WNA9bVCvMZSjKw,chinese,3,2.5,0
QnVZwjV7iSAaG4VN9FvXQg,american,3,2.5,0
eIkB6caIQ8g4OIN1mSsCHw,american,3,2.5,0
soQ0zqLcCZhq3k-5qjizfA,american,3,2.5,0
zwFRdFxgCV6bF6DAajpCtA,mexican,3,2.5,0
MoVvWLGw1XmAwXXQb1frbg,mexican,3,2.5,0
cgH8EAJ6QqeG_h7nzg3IAA,mexican,3,2.5,0
TpnxeSIJQ_u11Xlm1VLQlg,greek,3,2.5,0
pAB7OXZ2tZtLfpx8q0Yj3Q,greek,3,2.5,0
85-hoogKT4MR5eTqffpxAA,persian,3,2.5,0
ZqgTWUHFgX8k4nYKvi1Rqg,persian,3,2.5,0
N47zHfo6j8wG57hvm-4ixA,italian,2,2.5,0
vKJlU--5R_q__rK6ldJ2kQ,italian,2,2.5,0
_j8S4v2lwwfBDs_bYyyEXg,italian,2,2.5,0
6DCwjQQrp8grJjaJFkVB6Q,italian,2,2.5,0
PYYUueyVAjX29ua2bXmWfw,italian,2,2.5,0
3ku8d-HOv4DZZOGTn0pwDg,italian,2,2.5,0
j5f0y3HPWZAzuistuawrQg,italian,2,2.5,0
1v8LoaPCvtC9uQbhcnmEWQ,italian,2,2.5,0
_hkriq0hHglIKYMHWQQIqg,italian,2,2.5,0
Ozk7DRB9q198t0TmCzJlpw,italian,2,2.5,0
niZ_diw1I8OebeR2tpKtrw,italian,2,2.5,0
PCFmb98Md-h1upaD2haqMA,chinese,2,2.5,0
8766TvF3ytY3CQzgTng0bw,chinese,2,2.5,0
vt1lL37wna1OBLtuD3yVxA,chinese,2,2.5,0
e1k5fGFPL8ObP0mLsRN3TQ,chinese,2,2.5,0
fT2Crsr5L6Rv5UYeHeJWkA,chinese,2,2.5,0
OvXpZWNPeqLsRHnhYVw8tA,chinese,2,2.5,0
p-95dBWK8sxiCvJrUNxZ3Q,chinese,2,2.5,0
EnW3yR9O3yGrjQ9eXEpWFQ,chinese,2,2.5,0
QSYoMQZTkDT8MhoJTQFQdg,chinese,2,2.5,0
b1OAb3zbmNnMAG9xqtttfg,chinese,2,2.5,0
IHUq8aaR8_RsLGgspZhQGw,indian,2,2.5,0
